ID,Nome,Arquivo,Existe
1000,desert,map/map/desert.7z,True
1001,d antre01,map/map/d_antre01.7z,True
1002,newplain,map/map/newplain.7z,True
1003,mine01,map/map/mine01.7z,True
1004,forum,map/map/forum.7z,True
1005,arena,map/map/arena.7z,True
1006,horse,map/map/horse.7z,True
1100,star01,map/map/star01.7z,True
1101,star02,map/map/star02.7z,True
1102,star03,map/map/star03.7z,True
1103,star04,map/map/star04.7z,True
1104,star05,map/map/star05.7z,True
1105,star10,map/map/star10.7z,True
1106,star06,map/map/star06.7z,True
1107,star07,map/map/star07.7z,True
1108,star08,map/map/star08.7z,True
1109,star09,map/map/star09.7z,True
1007,smith,map/map/smith.7z,True
1008,grocery,map/map/grocery.7z,True
1009,grocery,map/map/grocery.7z,True
1010,newbie,map/map/newbie.7z,True
1011,woods,map/map/woods.7z,True
1012,sky,map/map/sky.7z,True
1013,tiger,map/map/tiger.7z,True
1014,dragon,map/map/dragon.7z,True
1015,island,map/map/island.7z,True
1016,qiling,map/map/qiling.7z,True
1017,w-arena,map/map/w-arena.7z,True
1018,p-arena,map/map/p-arena.7z,True
1019,l-arena,map/map/l-arena.7z,True
1020,canyon,map/map/canyon.7z,True
1021,mine,map/map/mine.7z,True
1022,brave,map/map/brave.7z,True
1025,mine-one,map/map/mine-one.7z,True
1026,mine-two,map/map/mine-two.7z,True
1027,mine-three,map/map/mine-three.7z,True
1028,mine-four,map/map/mine-four.7z,True
1029,mine-one2,map/map/mine-one2.7z,True
1030,mine-two2,map/map/mine-two2.7z,True
1031,mine-three2,map/map/mine-three2.7z,True
1032,mine-four2,map/map/mine-four2.7z,True
1035,newbie,map/map/newbie.7z,True
5000,mine-one,map/map/mine-one.7z,True
6000,prison,map/map/prison.7z,True
1036,street,map/map/street.7z,True
1037,faction-black,map/map/faction-black.7z,True
1038,faction,map/map/faction.7z,True
1039,playground,map/map/playground.7z,True
1040,skycut,map/map/skycut.7z,True
1041,skymaze,map/map/skymaze.7z,True
6001,prison,map/map/prison.7z,True
1042,lineup-pass,map/map/lineup-pass.7z,True
1043,lineup,map/map/lineup.7z,True
1044,lineup,map/map/lineup.7z,True
1045,lineup,map/map/lineup.7z,True
1046,lineup,map/map/lineup.7z,True
1047,lineup,map/map/lineup.7z,True
1048,lineup,map/map/lineup.7z,True
1049,lineup,map/map/lineup.7z,True
1050,lineup,map/map/lineup.7z,True
1051,riskisland,map/map/riskisland.7z,True
1060,skymaze1,map/map/skymaze1.7z,True
1061,skymaze2,map/map/skymaze2.7z,True
1062,skymaze3,map/map/skymaze3.7z,True
1064,star,map/map/star.7z,True
1070,boa,map/map/boa.7z,True
1080,p-arena,map/map/p-arena.7z,True
1081,p-arena,map/map/p-arena.7z,True
1075,newcanyon,map/map/newcanyon.7z,True
1076,newwoods,map/map/newwoods.7z,True
1077,newdesert,map/map/newdesert.7z,True
1078,newisland,map/map/newisland.7z,True
1079,mys-island,map/map/mys-island.7z,True
1063,riskisland,map/map/riskisland.7z,True
1082,idland-map,map/map/idland-map.7z,True
1090,parena-m,map/map/parena-m.7z,True
1091,parena-s,map/map/parena-s.7z,True
1098,house01,map/map/house01.7z,True
1099,house03,map/map/house03.7z,True
1601,sanctuary,map/map/sanctuary.7z,True
1201,task01,map/map/task01.7z,True
1202,task02,map/map/task02.7z,True
1204,task04,map/map/task04.7z,True
1205,task05,map/map/task05.7z,True
1207,task07,map/map/task07.7z,True
1208,task08,map/map/task08.7z,True
1210,task10,map/map/task10.7z,True
1211,task11,map/map/task11.7z,True
1212,island-snail,map/map/island-snail.7z,True
1213,desert-snail,map/map/desert-snail.7z,True
1214,canyon-fairy,map/map/canyon-fairy.7z,True
1215,woods-fairy,map/map/woods-fairy.7z,True
1216,newplain-fairy,map/map/newplain-fairy.7z,True
1500,mine-a,map/map/mine-a.7z,True
1501,mine-b,map/map/mine-b.7z,True
1502,mine-c,map/map/mine-c.7z,True
1503,mine-d,map/map/mine-d.7z,True
1351,s-task01,map/map/s-task01.7z,True
1352,s-task02,map/map/s-task02.7z,True
1353,s-task03,map/map/s-task03.7z,True
1354,s-task04,map/map/s-task04.7z,True
1360,maidan-A,map/map/maidan-A.7z,True
1364,maidan-E,map/map/maidan-E.7z,True
1505,slpk,map/map/slpk.7z,True
1506,hhpk,map/map/hhpk.7z,True
1507,blpk,map/map/blpk.7z,True
1508,ympk,map/map/ympk.7z,True
1509,mfpk,map/map/mfpk.7z,True
1550,faction01,map/map/faction01.7z,True
1551,faction01,map/map/faction01.7z,True
1510,grocery,map/map/grocery.7z,True
1511,forum,map/map/forum.7z,True
1512,tiger,map/map/tiger.7z,True
1615,jokul01,map/map/jokul01.7z,True
1616,tiemfiles,map/map/tiemfiles.7z,True
1617,tiemfiles,map/map/tiemfiles.7z,True
2021,Dgate,map/map/Dgate.7z,True
2022,Dsquare,map/map/Dsquare.7z,True
2023,Dcloister,map/map/Dcloister.7z,True
2024,Dsigil,map/map/Dsigil.7z,True
1645,cordiform,map/map/cordiform.7z,True
1560,faction,map/map/faction.7z,True
1561,faction,map/map/faction.7z,True
1707,forum,map/map/forum.7z,True
1700,Gulf,map/map/Gulf.7z,True
601,Nhouse04,map/map/Nhouse04.7z,True
700,arena-none,map/map/arena-none.7z,True
1712,kunlun1,map/map/kunlun1.7z,False
1713,kunlun2,map/map/kunlun2.7z,False
1714,kunlun3,map/map/kunlun3.7z,False
1715,kunlun4,map/map/kunlun4.7z,False
1716,kunlun5,map/map/kunlun5.7z,False
1717,kunlun6,map/map/kunlun6.7z,False
1718,kunlun7,map/map/kunlun7.7z,False
1719,kunlun8,map/map/kunlun8.7z,False
1720,kunlun9,map/map/kunlun9.7z,False
1760,fairyland PK-07,map/map/fairylandPK-07.7z,True
1766,Halloween2007a,map/map/Halloween2007a.7z,True
1767,Halloween2007boss,map/map/Halloween2007boss.7z,True
1066,woods-z,map/map/woods-z.7z,True
1067,qiling-z,map/map/qiling-z.7z,True
1069,desert-snail,map/map/desert-snail.7z,True
1763,parena-m,map/map/parena-m.7z,True
1764,fairyland PK-03,map/map/fairylandPK-03.7z,True
1765,Nhouse04,map/map/Nhouse04.7z,True
1761,star05,map/map/star05.7z,True
1762,icecrypt-lev1,map/map/icecrypt-lev1.7z,True
1769,idland-map,map/map/idland-map.7z,True
1068,forum,map/map/forum.7z,True
1730,fairyland PK-02,map/map/fairylandPK-02.7z,True
1732,fairyland PK-04,map/map/fairylandPK-04.7z,True
1734,fairyland PK-06,map/map/fairylandPK-06.7z,True
1735,fairyland PK-07,map/map/fairylandPK-07.7z,True
1819,Hallowmas,map/map/Hallowmas.7z,True
6003,prison,map/map/prison.7z,True
1812,fairyland PK-10,map/map/fairylandPK-10.7z,True
1813,fairyland PK-04,map/map/fairylandPK-04.7z,True
1814,fairyland PK-06,map/map/fairylandPK-06.7z,True
1785,Halloween2007a,map/map/Halloween2007a.7z,True
1786,Halloween2007b,map/map/Halloween2007b.7z,True
1787,Halloween2007boss,map/map/Halloween2007boss.7z,True
1768,sky,map/map/sky.7z,True
1779,slpk,map/map/slpk.7z,True
1780,slpk,map/map/slpk.7z,True
1806,flower,map/map/flower.7z,True
1826,christmas01,map/map/christmas01.7z,True
1832,christmas02,map/map/christmas02.7z,True
1844,sf-parade,map/map/sf-parade.7z,True
1836,newyeartask03,map/map/newyeartask03.7z,True
1731,fairyland PK-03,map/map/fairylandPK-03.7z,True
1733,fairyland PK-05,map/map/fairylandPK-05.7z,True
1736,fairyland PK-08,map/map/fairylandPK-08.7z,True
1737,fairyland PK-10,map/map/fairylandPK-10.7z,True
1845,Spring Town,map/map/SpringTown.7z,True
1857,valentine,map/map/valentine.7z,True
1801,mission,map/map/mission.7z,True
1770,fairyland PK-02,map/map/fairylandPK-02.7z,True
1924,arena-none,map/map/arena-none.7z,True
1930,2009-7x,map/map/2009-7x.7z,True
1952,halloween01,map/map/halloween01.7z,True
1953,halloween03,map/map/halloween03.7z,True
1955,halloween02,map/map/halloween02.7z,True
1929,arenamap,map/map/arenamap.7z,True
900000,newarena,map/map/newarena.7z,True
1830,newyeartask01,map/map/newyeartask01.7z,True
1993,09 Christmas04,map/map/09Christmas04.7z,True
1992,09christmas03,map/map/09christmas03.7z,True
1996,09christmas01,map/map/09christmas01.7z,True
1950,horserate,map/map/horserate.7z,True
1858,poker,map/map/poker.7z,True
1860,poker02,map/map/poker02.7z,True
1771,fairyland PK-03,map/map/fairylandPK-03.7z,True
1772,fairyland PK-04,map/map/fairylandPK-04.7z,True
1773,fairyland PK-05,map/map/fairylandPK-05.7z,True
1774,fairyland PK-06,map/map/fairylandPK-06.7z,True
1775,fairyland PK-07,map/map/fairylandPK-07.7z,True
1777,fairyland PK-08,map/map/fairylandPK-08.7z,True
1999,icecrypt-lev3,map/map/icecrypt-lev3.7z,True
2054,icecrypt-lev4,map/map/icecrypt-lev4.7z,True
2055,icecrypt-lev5,map/map/icecrypt-lev5.7z,True
2056,icecrypt-lev6,map/map/icecrypt-lev6.7z,True
1961,maze01,map/map/maze01.7z,True
1962,maze02,map/map/maze02.7z,True
1963,maze03,map/map/maze03.7z,True
1964,maze04,map/map/maze04.7z,True
1965,maze05,map/map/maze05.7z,True
1966,maze06,map/map/maze06.7z,True
1967,maze07,map/map/maze07.7z,True
1968,maze08,map/map/maze08.7z,True
1969,maze09,map/map/maze09.7z,True
1971,maze01,map/map/maze01.7z,True
1972,maze02,map/map/maze02.7z,True
1973,maze03,map/map/maze03.7z,True
1974,maze04,map/map/maze04.7z,True
1975,maze05,map/map/maze05.7z,True
1976,maze06,map/map/maze06.7z,True
1977,maze07,map/map/maze07.7z,True
1978,maze08,map/map/maze08.7z,True
1979,maze09,map/map/maze09.7z,True
1981,maze01,map/map/maze01.7z,True
1982,maze02,map/map/maze02.7z,True
1983,maze03,map/map/maze03.7z,True
1984,maze04,map/map/maze04.7z,True
1985,maze05,map/map/maze05.7z,True
1986,maze06,map/map/maze06.7z,True
1987,maze07,map/map/maze07.7z,True
1988,maze08,map/map/maze08.7z,True
1989,maze09,map/map/maze09.7z,True
8822,babel,map/map/babel.7z,True
8823,babel,map/map/babel.7z,True
8824,babel,map/map/babel.7z,True
8825,babel,map/map/babel.7z,True
8826,babel,map/map/babel.7z,True
8827,babel,map/map/babel.7z,True
8828,babel,map/map/babel.7z,True
8829,babel,map/map/babel.7z,True
8830,babel,map/map/babel.7z,True
8831,babel,map/map/babel.7z,True
8832,babel,map/map/babel.7z,True
8833,babel,map/map/babel.7z,True
8834,babel,map/map/babel.7z,True
8835,babel,map/map/babel.7z,True
8836,babel,map/map/babel.7z,True
8837,babel,map/map/babel.7z,True
8838,babel,map/map/babel.7z,True
8839,babel,map/map/babel.7z,True
2068,pk,map/map/pk.7z,True
2060,bp-contest02,map/map/bp-contest02.7z,True
2071,bp-kingfight,map/map/bp-kingfight.7z,True
2080,Nhouse03,map/map/Nhouse03.7z,True
2057,bp-flag,map/map/bp-flag.7z,True
2061,horserate-d,map/map/horserate-d.7z,True
2062,horserate-ic1,map/map/horserate-ic1.7z,True
2063,horserate-ic2,map/map/horserate-ic2.7z,True
2064,horserate-ic3,map/map/horserate-ic3.7z,True
2065,horserate-is,map/map/horserate-is.7z,True
2066,horserate-np,map/map/horserate-np.7z,True
2067,horserate-w,map/map/horserate-w.7z,True
2090,tiger01,map/map/tiger01.7z,True
3024,family,map/map/family.7z,True
3030,climate,map/map/climate.7z,True
3029,2011mid-autumn,map/map/2011mid-autumn.7z,True
3045,11christmas,map/map/11christmas.7z,True
3055,beach,map/map/beach.7z,True
3056,seabed01,map/map/seabed01.7z,True
3071,seabed3071,map/map/seabed3071.7z,True
3081,daily,map/map/daily.7z,True
1361,maidan-B,map/map/maidan-B.7z,True
1362,maidan-C,map/map/maidan-C.7z,True
5263,Treasure B Ox[TOW Online],map/map/TreasureBOx[TOW_Online].7z,True
501,Arena Solo1[TOW Online],map/map/ArenaSolo1[TOW_Online].7z,False
