ID,Nome,Fonte do nome,Confianca,Lv min,Lv max,NPC inicio,NPC fim,Premio,Refs no codigo,No codigo,Em saves,Arquivos
0,Quest 0,sugerido (sem nome no cliente),placeholder,,,,,,2,sim,19,Game/MsgServer/MsgItemUsuagePacket.cs
1,Collect Letters,Questinfo.ini (servidor),high,8,50,"2001,1002,0435,0438,TCCaptain,TwinCity","0004,1002,0412,0366,Armorer,TwinCity","EXP:  1000   [item 130007,0,0,0,3,0,0]",2,sim,45,Game/MsgNpc/NpcHandler.cs
2,"10,000 Kills",Questinfo.ini (servidor),high,8,50,"0004,1002,0412,0366,Armorer,TwinCity","0001,1002,0415,0351,Storekeeper,TwinCity","EXP:  1000   [item 120006,0,0,0,3,0,0][item 150016,0,0,0,3,0,0][item 160016,0,0,0,3,0,0]",0,nao,115,
3,"300,000 Kills",Questinfo.ini (servidor),high,8,50,"0001,1002,0415,0351,Storekeeper,TwinCity","0003,1002,0466,0327,Pharmacist,TwinCity","EXP:  1000  Item:  StanchersX3  [item 1000000,0,0,0,0,0,0]",0,nao,115,
4,Collect Fruits,Questinfo.ini (servidor),high,8,50,"0003,1002,0466,0327,Pharmacist,TwinCity","0005,1002,0452,0330,Blacksmith,TwinCity",,1,sim,57,Game/MsgNpc/NpcHandler.cs
5,City Quest,Questinfo.ini (servidor),high,8,50,"2001,1002,0435,0438,TCCaptain,TwinCity","0004,1002,0412,0366,Armorer,TwinCity","EXP:  1000  [item 131007,0,0,0,3,0,0]",1,sim,37,Game/MsgNpc/NpcHandler.cs
10,Steed Riding,client Questinfo.ini,high,25,50,"5600,1002,0388,0386,MountTrainer,TwinCity","5517,1006,0019,0029,MountRetailer,Stall",EXP: 1/12 of an EXP Ball,3,sim,0,Game/MsgNpc/NpcHandler.cs
11,Quiz Show,client Questinfo.ini,high,30,50,"6168,1036,316,246,QuizHolder,Market","6168,1036,316,246,QuizHolder,Market",EXP: 2/15 or 11/60 of an EXP Ball,20,sim,0,Game/MsgNpc/NpcHandler.cs
401,Attack Talisman II,client Questinfo.ini,high,100,120,"4582,1011,788,456,VillagerChou,PhoenixCastle","4582,1011,788,456,VillagerChou,PhoenixCastle","100 Silver  \n=======================================\nFinalReward:  \nSuper Heaven Fan(B)  [item 201009,0,0,0,3,0,0]",1,sim,0,Game/MsgMonster/MonsterRole.cs
404,Attack Talisman V,client Questinfo.ini,high,100,120,"4583,1000,490,618,KunlunWanderer,DesertCity","4583,1000,490,618,KunlunWanderer,DesertCity","100 Silver  \n=======================================\nFinalReward:  \nSuper Heaven Fan(B)  [item 201009,0,0,0,3,0,0]",5,sim,0,Game/MsgMonster/MonsterRole.cs; Game/MsgServer/MsgItemUsuagePacket.cs
407,Attack Talisman VIII,client Questinfo.ini,high,100,120,"4582,1011,788,456,VillagerChou,PhoenixCastle","4582,1011,788,456,VillagerChou,PhoenixCastle","100 Silver  \n=======================================\nFinalReward:  \nSuper Heaven Fan(B)  [item 201009,0,0,0,3,0,0]",1,sim,0,Game/MsgMonster/MonsterRole.cs
522,Defense Talisman III,client Questinfo.ini,high,100,120,"4566,1015,732,516,YangYun,BirdIsland","4575,1015,208,216,TimeDoor,BirdIsland","100 Silver  \n=======================================\nFinalReward:  \nElite Star Tower(B)  [item 202008,0,0,0,3,0,0]",14,sim,0,Client/PoolProcesor.cs; Game/MsgMonster/MonsterRole.cs; Game/MsgServer/MsgItemUsuagePacket.cs
523,Defense Talisman IV,client Questinfo.ini,high,100,120,"4575,1015,220,220,TimeDoor,BirdIsland","4568,1784,55,55,RuanBrother,Hut","100 Silver  \n=======================================\nFinalReward:  \n Elite Star Tower(B)  [item 202008,0,0,0,3,0,0]",1,sim,0,Game/MsgMonster/MonsterRole.cs
525,Defense Talisman VI,client Questinfo.ini,high,100,120,"4572,1000,472,578,Plum,DesertCity","4566,1015,732,516,YangYun,BirdIsland","100 Silver  \n=======================================\nFinalReward:  \nElite Star Tower(B)  [item 202008,0,0,0,3,0,0]",2,sim,0,Game/MsgMonster/MonsterRole.cs
526,Defense Talisman VII,client Questinfo.ini,high,100,120,"4566,1015,732,516,YangYun,BirdIsland","4573,1000,85,313,GhoulKong,Desert","100 Silver  \n=======================================\nFinalReward:  \nElite Star Tower(B)  [item 202008,0,0,0,3,0,0]",5,sim,0,Client/PoolProcesor.cs; Game/MsgMonster/MonsterRole.cs
527,Defense TalismanVIII,client Questinfo.ini,high,100,120,"4573,1000,85,313,GhoulKong,Desert","4578,1787,48,37,Cauldron,Dungeon3F","100 Silver  \n=======================================\nFinalReward:  \nElite Star Tower(B)  [item 202008,0,0,0,3,0,0]",6,sim,0,Game/MsgMonster/MonsterRole.cs
802,Create a Team,client Questinfo.ini,high,1,50,"5673,1002,398,323,KungfuBoy,TwinCity","4488,1002,390,347,GeneralZhao,TwinCity",EXP:  200,3,sim,0,Game/MsgNpc/NpcHandler.cs
804,Message,client Questinfo.ini,high,1,50,"5672,1010,62,105,RecruitMaster,BirthVillage","5673,1002,398,323,KungfuBoy,TwinCity",EXP:  300,2,sim,0,Game/MsgNpc/NpcHandler.cs
807,The Armorer,client Questinfo.ini,high,3,50,"4488,1002,390,347,GeneralZhao,TwinCity","0004,1002,0412,0366,Armorer,TwinCity","EXP:  400  \nGold:  200  [item 130006,0,0,0,3,0,0]",1,sim,0,Game/MsgNpc/NpcHandler.cs
824,First Stab 2,client Questinfo.ini,high,4,50,"2001,1002,435,438,TCCaptain,TwinCity","2001,1002,435,438,TCCaptain,TwinCity",EXP:  3000,1,sim,0,Game/MsgMonster/MonsterRole.cs
1007,Letter Delivery 2,client Questinfo.ini,high,10,20,"7991,1002,0511,0360,TCViceCaptain,TwinCity","7991,1002,0511,0360,TCViceCaptain,TwinCity","Some EXP, 300 Silver, 5 Resolutives, Twin City Gate",1,sim,0,Game/MsgMonster/MonsterRole.cs
1009,Robin Elimination,client Questinfo.ini,high,14,34,"7992,1002,604,688,XuLiang,WindPlain","7992,1002,604,688,XuLiang,WindPlain","Some EXP, 500 Silver and 3 [item 720173,0,0,0,0,0,0]",1,sim,0,Game/MsgMonster/MonsterRole.cs
1010,Feather Collection,client Questinfo.ini,high,14,34,"4467,1002,603,672,ArtisanLuo,TwinCity","4467,1002,603,672,ArtisanLuo,TwinCity","Some EXP, 400 Silver",2,sim,0,Game/MsgMonster/MonsterRole.cs
1011,Love Confession 1,client Questinfo.ini,high,14,24,"7992,1002,604,688,XuLiang,WindPlain","7992,1002,604,688,XuLiang,WindPlain",Some EXP and 400 Silver,3,sim,0,Client/PoolProcesor.cs; Game/MsgNpc/NpcHandler.cs
1013,Love Confession 3,client Questinfo.ini,high,18,28,"7993,1002,336,735,RuHua,WindPlain","7993,1002,336,735,RuHua,WindPlain",Some EXP and 500 Silver,1,sim,0,Game/MsgMonster/MonsterRole.cs
1016,Capture Spirit I,client Questinfo.ini,high,18,28,"600050,1002,337,720,Fortuneteller,TwinCity","600050,1002,337,720,Fortuneteller,TwinCity",Some EXP and 500 Silver,2,sim,0,Game/MsgMonster/MonsterRole.cs
1103,Father & Daughter II,client Questinfo.ini,high,25,40,"8267,1011,0013,0373,YuJing,PhoenixCastle","8267,1011,0013,0373,YuJing,PhoenixCastle",Some EXP and 500 Silver,2,sim,0,Game/MsgMonster/MonsterRole.cs
1107,Snake Scale,client Questinfo.ini,high,27,42,"8268,1011,790,447,HunterWong,PhoenixCastle","8268,1011,790,447,HunterWong,PhoenixCastle","Some EXP, 600 Silver, [item 1060023,0,0,0,0,0,0]",2,sim,0,Game/MsgMonster/MonsterRole.cs
1114,Regain Supplies,client Questinfo.ini,high,30,45,"8266,1011,0211,0312,ForestGovernor,PhoenixCastle","8266,1011,0211,0312,ForestGovernor,PhoenixCastle","Some EXP and 500 Silver [item 723017,0,0,0,3,0,0][item 150057,0,0,0,3,0,0][item 152067,0,0,0,3,0,0]",2,sim,0,Game/MsgMonster/MonsterRole.cs
1115,Bandits` Plot I,client Questinfo.ini,high,32,47,"8270,1011,215,360,IntelligenceAgent,PhoenixCastle","8270,1011,215,360,IntelligenceAgent,PhoenixCastle",Some EXP and 800 Silver,1,sim,0,Game/MsgMonster/MonsterRole.cs
1118,Bandits` Plot IV,client Questinfo.ini,high,34,49,"8271,1011,230,254,PhoenixCastellan,PhoenixCastle","8271,1011,230,254,PhoenixCastellan,PhoenixCastle",Some EXP and 1200 Silver,1,sim,0,Game/MsgMonster/MonsterRole.cs
1121,Kill 10 Ratling,client Questinfo.ini,high,35,50,"8274,1011,761,473,BoldBoy,PhoenixCastal","8274,1011,761,473,BoldBoy,PhoenixCastal","60 minutes EXP, 800 Silver, [item 1060023,0,0,0,0,0,0]",1,sim,0,Game/MsgMonster/MonsterRole.cs
1123,Ratling Fur,client Questinfo.ini,high,35,50,"8275,1011,796,475,FurDealer,PhoenixCastal","8275,1011,796,475,FurDealer,PhoenixCastal","Some EXP and 500 Silver,Level 32 Elite Armor (Bound)",2,sim,0,Game/MsgMonster/MonsterRole.cs
1125,Ratling King 1,client Questinfo.ini,high,37,57,"8273,1011,772,475,VillageHead,PhoenixCastal","8273,1011,772,475,VillageHead,PhoenixCastal","Some EXP, 800 Silver, [item 720172,0,0,0,0,0,0]",2,sim,0,Game/MsgMonster/MonsterRole.cs
1127,Ratling King 3,client Questinfo.ini,high,37,57,"8273,1011,772,475,VillageHead,PhoenixCastal","8273,1011,772,475,VillageHead,PhoenixCastal","Some EXP, 800 Silver and 3 [item 720173,0,0,0,0,0,0]",2,sim,0,Game/MsgMonster/MonsterRole.cs
1128,Ratling King 4,client Questinfo.ini,high,38,53,"8273,1011,772,475,VillageHead,PhoenixCastal","8273,1011,772,475,VillageHead,PhoenixCastal",Some EXP and 800 Silver,2,sim,0,Game/MsgMonster/MonsterRole.cs
1129,Ratling King 5,client Questinfo.ini,high,38,53,"8273,1011,772,475,VillageHead,PhoenixCastal","8273,1011,772,475,VillageHead,PhoenixCastal","Some EXP, 2,000 Silver [item 723700,0,0,0,3,0,0]",2,sim,0,Game/MsgMonster/MonsterRole.cs
1133,Water,client Questinfo.ini,high,40,55,"8279,1011,661,704,MilitiaDragon,PhoenixCastal","8279,1011,661,704,MilitiaDragon,PhoenixCastal",Some EXP and 600 Silver,1,sim,0,Client/PoolProcesor.cs
1135,A Gift,client Questinfo.ini,high,40,55,"8278,1011,656,698,MilitiaTiger,PhoenixCastal","8278,1011,656,698,MilitiaTiger,PhoenixCastal","60 minutes EXP, 1,000, 5 Amritas",2,sim,0,Game/MsgMonster/MonsterRole.cs
1142,Fury of the Dead,client Questinfo.ini,high,42,62,"8280,1011,636,566,MilitiaLeopard,PhoenixCastal","8280,1011,636,566,MilitiaLeopard,PhoenixCastal","Some EXP, 1,000 Silver and 5 [item 720172,0,0,0,0,0,0]",4,sim,0,Game/MsgMonster/MonsterRole.cs
1144,Fire Spirits,client Questinfo.ini,high,43,63,"8281,1011,791,478,WarrantOfArrest,PhoenixCastal","8277,1011,655,703,MilitiaCaptain,PhoenixCastal","Some EXP, 1,000 Silver, a Level 40 Elite Weapon (B) and 5 [item 720172,0,0,0,0,0,0]",2,sim,0,Game/MsgMonster/MonsterRole.cs
1301,Clear the Way,client Questinfo.ini,high,45,60,"8287,1020,573,622,AC-Lieutenant,ApeCity","8287,1020,573,622,AC-Lieutenant,ApeCity","Some EXP,  1,500 Silver,[item 730001,0,0,0,3,0,0] [item 721691,0,0,0,0,0,0]",1,sim,0,Game/MsgMonster/MonsterRole.cs
1303,Macaques(1),client Questinfo.ini,high,47,62,"8287,1020,573,622,AC-Lieutenant,ApeCity","8287,1020,573,622,AC-Lieutenant,ApeCity","Some EXP,  1,000 Silver,",1,sim,0,Game/MsgMonster/MonsterRole.cs
1304,Macaques(2),client Questinfo.ini,high,47,62,"8287,1020,573,622,AC-Lieutenant,ApeCity","8287,1020,573,622,AC-Lieutenant,ApeCity","Some EXP,  1,500 Silver,",1,sim,0,Game/MsgMonster/MonsterRole.cs
1305,Macaques(3),client Questinfo.ini,high,48,63,"8287,1020,573,622,AC-Lieutenant,ApeCity","8287,1020,573,622,AC-Lieutenant,ApeCity","Some EXP,  1,800 Silver, [item 1088001,0,0,0,0,0,0] [item 160096,0,0,0,3,0,0]",1,sim,0,Game/MsgMonster/MonsterRole.cs
1306,Vulture Feather,client Questinfo.ini,high,45,60,"8590,1020,552,594,AC-Castellan,ApeCity","8590,1020,552,594,AC-Castellan,ApeCity","Some EXP,  1,500 Silver,  [item 720172,0,0,0,0,0,0]",2,sim,0,Game/MsgMonster/MonsterRole.cs; Game/MsgServer/MsgItemUsuagePacket.cs
1307,A Warning,client Questinfo.ini,high,47,62,"8590,1020,552,594,AC-Castellan,ApeCity","8590,1020,552,594,AC-Castellan,ApeCity","Some EXP,  800 Silver,  [item 1060022,0,0,0,0,0,0]",2,sim,0,Game/MsgMonster/MonsterRole.cs
1311,Retrieve Jewellery,client Questinfo.ini,high,47,62,"8289,1020,561,640,Lydia,LoveCanyon","8289,1020,561,640,Lydia,LoveCanyon","Some EXP,  1,500 Silver, [item 730001,0,0,0,3,0,0] 5 [item 1000030,0,0,0,0,0,0]",1,sim,0,Game/MsgMonster/MonsterRole.cs
1314,The Stone Ape(3),client Questinfo.ini,high,49,64,"8290,1020,560,670,StoneApe,LoveCanyon","8290,1020,560,670,StoneApe,LoveCanyon","Some EXP,  1,500 Silver,  [item 723017,0,0,0,3,0,0]",1,sim,0,Game/MsgMonster/MonsterRole.cs
1316,Wood Shortage(2),client Questinfo.ini,high,50,65,"8292,1011,221,395,JackDaniel,MapleForest","8291,1020,838,545,CarpenterJack,LoveCanyon","Some EXP,  1,500 Silver,  [item 1088001,0,0,0,0,0,0]",2,sim,0,Game/MsgMonster/MonsterRole.cs
1317,Cliff Flower,client Questinfo.ini,high,52,67,"8291,1020,838,545,CarpenterJack,LoveCanyon","8291,1020,838,545,CarpenterJack,LoveCanyon","Some EXP,  1,000 Silver,  [item 1060022,0,0,0,0,0,0]",2,sim,0,Client/PoolProcesor.cs
1324,Thunder Ape,client Questinfo.ini,high,55,70,"8293,1020,366,304,ArdenteTaoist,LoveCanyon","8293,1020,366,304,ArdenteTaoist,LoveCanyon","Some EXP,  2,000 Silver,  [item 1088001,0,0,0,0,0,0] [item 720173,0,0,0,0,0,0]",2,sim,0,Game/MsgMonster/MonsterRole.cs
1325,Thunder Ape L58,client Questinfo.ini,high,58,73,"8293,1020,366,304,ArdenteTaoist,LoveCanyon","8293,1020,366,304,ArdenteTaoist,LoveCanyon","Some EXP,  2,000 Silver,[item 730001,0,0,0,3,0,0]",2,sim,0,Game/MsgMonster/MonsterRole.cs
1327,Thunder Stone,client Questinfo.ini,high,55,70,"8294,1020,364,296,TempestTaoist,LoveCanyon","8294,1020,364,296,TempestTaoist,LoveCanyon","Some EXP,  2,000 Silver, [item 720172,0,0,0,0,0,0]",1,sim,0,Game/MsgMonster/MonsterRole.cs
1328,Rage Stone,client Questinfo.ini,high,58,73,"8294,1020,364,296,TempestTaoist,LoveCanyon","8294,1020,364,296,TempestTaoist,LoveCanyon","Some EXP,  2,000 Silver,",1,sim,0,Game/MsgMonster/MonsterRole.cs
1329,Blaze Pill,client Questinfo.ini,high,55,70,"8295,1020,356,315,BreezePupil,LoveCanyon","8295,1020,356,315,BreezePupil,LoveCanyon","Some EXP,  2,000 Silver,",1,sim,0,Game/MsgMonster/MonsterRole.cs
1330,Ape Gourd,client Questinfo.ini,high,57,72,"8295,1020,356,315,BreezePupil,LoveCanyon","8295,1020,356,315,BreezePupil,LoveCanyon","Some EXP,  2,000 Silver,[item 1088001,0,0,0,0,0,0] 5 [item 1000030,0,0,0,0,0,0]",2,sim,0,Client/PoolProcesor.cs; Game/MsgServer/MsgDataPacket.cs
1333,Snake Gall,client Questinfo.ini,high,60,75,"8296,1020,272,438,MoonMaiden,LoveCanyon","8296,1020,272,438,MoonMaiden,LoveCanyon","Some EXP,  2,000 Silver,   [item 720172,0,0,0,0,0,0]",1,sim,0,Game/MsgMonster/MonsterRole.cs
1334,Snake Fang,client Questinfo.ini,high,63,78,"8296,1020,272,438,MoonMaiden,LoveCanyon","8296,1020,272,438,MoonMaiden,LoveCanyon","Some EXP,  2,000 Silver,   [item 723340,0,0,0,3,0,0]",1,sim,0,Game/MsgMonster/MonsterRole.cs
1335,Eradicate Snakeman,client Questinfo.ini,high,60,75,"8297,1020,265,429,HarmonyTaoist,LoveCanyon","8297,1020,265,429,HarmonyTaoist,LoveCanyon","Some EXP,  2,000 Silver,  [item 723340,0,0,0,3,0,0]",1,sim,0,Game/MsgMonster/MonsterRole.cs
1337,Back Home(3),client Questinfo.ini,high,61,76,"8297,1020,265,429,HarmonyTaoist,LoveCanyon","8297,1020,265,429,HarmonyTaoist,LoveCanyon","Some EXP,  2,000 Silver,",1,sim,0,Game/MsgMonster/MonsterRole.cs
1338,Back Home(4),client Questinfo.ini,high,61,76,"8297,1020,265,429,HarmonyTaoist,LoveCanyon","8297,1020,265,429,HarmonyTaoist,LoveCanyon","Some EXP,  2,000 Silver,[item 1088001,0,0,0,0,0,0]",1,sim,0,Client/PoolProcesor.cs
1341,Pick a Fight(2),client Questinfo.ini,high,62,77,"8297,1020,265,429,HarmonyTaoist,LoveCanyon","8297,1020,265,429,HarmonyTaoist,LoveCanyon","Some EXP,  2,000 Silver,",2,sim,0,Game/MsgMonster/MonsterRole.cs
1343,Snakeman L63,client Questinfo.ini,high,63,78,"8297,1020,265,429,HarmonyTaoist,LoveCanyon","8297,1020,265,429,HarmonyTaoist,LoveCanyon","Some EXP,  2,000 Silver,",2,sim,0,Game/MsgMonster/MonsterRole.cs
1344,Back Home(1),client Questinfo.ini,high,61,76,"8298,1020,211,445,CaptorCooke,LoveCanyon","8298,1020,211,445,CaptorCooke,LoveCanyon","Some EXP,  1,500 Silver, 5 [item 1000030,0,0,0,0,0,0]",3,sim,0,Client/PoolProcesor.cs
1345,Strife(1),client Questinfo.ini,high,64,79,"8298,1020,211,445,CaptorCooke,LoveCanyon","8298,1020,211,445,CaptorCooke,LoveCanyon","Some EXP,  2,500 Silver,  5  [item 1002000,0,0,0,0,0,0]",4,sim,0,Game/MsgMonster/MonsterRole.cs
1346,Strife(2),client Questinfo.ini,high,64,79,"8298,1020,211,445,CaptorCooke,LoveCanyon","8298,1020,211,445,CaptorCooke,LoveCanyon","Some EXP,  2,800 Silver,  [item 1088001,0,0,0,0,0,0]",4,sim,0,Game/MsgMonster/MonsterRole.cs
1347,Strife(3),client Questinfo.ini,high,64,79,"8298,1020,211,445,CaptorCooke,LoveCanyon","8298,1020,211,445,CaptorCooke,LoveCanyon","Some EXP,  3,000 Silver,  [item 121128,0,0,0,3,0,0] [item 120128,0,0,0,3,0,0]",2,sim,0,Game/MsgMonster/MonsterRole.cs
1351,Courage Test(2),client Questinfo.ini,high,57,72,"8299,1020,442,078,PoisonMaster,LoveCanyon","8299,1020,442,078,PoisonMaster,LoveCanyon","Some EXP,  1,000 Silver,",1,sim,0,Game/MsgMonster/MonsterRole.cs
1352,Courage Test(3),client Questinfo.ini,high,57,72,"8299,1020,442,078,PoisonMaster,LoveCanyon","8299,1020,442,078,PoisonMaster,LoveCanyon","Some EXP,  2,000 Silver,  [item 1088001,0,0,0,0,0,0]",2,sim,0,Client/GameClient.cs; Client/PoolProcesor.cs
1355,Enervation Pill(3),client Questinfo.ini,high,59,74,"8299,1020,442,078,PoisonMaster,LoveCanyon","8299,1020,442,078,PoisonMaster,LoveCanyon","Some EXP,  1,500 Silver,",1,sim,0,Game/MsgServer/MsgDataPacket.cs
1356,Enervation Pill(4),client Questinfo.ini,high,59,74,"8299,1020,442,078,PoisonMaster,LoveCanyon","8299,1020,442,078,PoisonMaster,LoveCanyon","Some EXP,  2,000 Silver,",1,sim,0,Game/MsgMonster/MonsterRole.cs
1359,Race Hatred,client Questinfo.ini,high,62,77,"30101,1020,88,387,SnakemanLeader,LoveCanyon","30101,1020,88,387,SnakemanLeader,LoveCanyon","Some EXP,  2,000 Silver,",2,sim,0,Game/MsgMonster/MonsterRole.cs
1360,Race Hatred(2),client Questinfo.ini,high,62,77,"30105,1020,441,451,HeresySnakemanLeader,LoveCanyon","30105,1020,441,451,HeresySnakemanLeader,LoveCanyon","Some EXP,  2,000 Silver, 5 [item 1000030,0,0,0,0,0,0]",2,sim,0,Game/MsgMonster/MonsterRole.cs
1363,Collect Medicine,client Questinfo.ini,high,51,66,"8304,1020,848,540,Apothecary,LoveCanyon","8304,1020,848,540,Apothecary,LoveCanyon","Some EXP,  2,000 Silver, [item 1088001,0,0,0,0,0,0]",4,sim,0,Game/MsgMonster/MonsterRole.cs
1451,Kill Sand Monsters,client Questinfo.ini,high,65,75,"8425,1000,500,652,DC-ViceCaptain,Desert","8425,1000,500,652,DC-ViceCaptain,Desert","Some EXP, 3,000 Silver and an Attack Pot (20m) [item 721691,0,0,0,0,0,0]",2,sim,0,Game/MsgMonster/MonsterRole.cs
1452,Hidden Danger 1,client Questinfo.ini,high,65,75,"8426,1000,520,641,DC-ViceGeneral,Desert","8426,1000,520,641,DC-ViceGeneral,Desert","Some EXP and 1,500 Silver",4,sim,0,Client/PoolProcesor.cs
1453,Hidden Danger 2,client Questinfo.ini,high,65,75,"8426,1000,520,641,DC-ViceGeneral,Desert","8426,1000,520,641,DC-ViceGeneral,Desert","Some EXP and 3,000 Silver",1,sim,0,Game/MsgMonster/MonsterRole.cs
1458,The Withered Trees 3,client Questinfo.ini,high,67,77,"8427,1000,519,649,TaoistYu,Desert","8427,1000,519,649,TaoistYu,Desert","Some EXP, 3,000 Silver and 5 Panaceas [item 1002000,0,0,0,0,0,0]",1,sim,0,Game/MsgMonster/MonsterRole.cs
1460,Kill the L68 Sand Monsters,client Questinfo.ini,high,67,77,"8425,1000,500,652,DC-ViceCaptain,Desert","8425,1000,500,652,DC-ViceCaptain,Desert","Some EXP and 3,000 Silver",2,sim,0,Game/MsgMonster/MonsterRole.cs
1461,Collecting Sand Essence,client Questinfo.ini,high,68,78,"8427,1000,519,649,TaoistYu,Desert","8427,1000,519,649,TaoistYu,Desert","Some EXP, 3,000 Silver and an EXP Ball Scrap [item 720172,0,0,0,0,0,0]",1,sim,0,Game/MsgMonster/MonsterRole.cs
1463,Save the Company,client Questinfo.ini,high,68,88,"8434,1000,559,795,KeYulun,Desert","8434,1000,559,795,KeYulun,Desert","Some EXP, 3,000 Silver and a Meteor [item 1088001,0,0,0,0,0,0]",1,sim,0,Game/MsgMonster/MonsterRole.cs
1464,Clear the Path,client Questinfo.ini,high,69,79,"8434,1000,559,795,KeYulun,Desert","8434,1000,559,795,KeYulun,Desert","Some EXP, 3,000 Silver and Unique Snakeskin Boots [item 160137,0,0,0,3,0,0]",4,sim,0,Game/MsgMonster/MonsterRole.cs
1465,Save the Village,client Questinfo.ini,high,70,80,"8425,1000,500,652,DC-ViceCaptain,Desert","8437,1000,501,304,GeneralZhuGe,Desert","Some EXP, 2,000 Silver and 5 Panaceas [item 1002000,0,0,0,0,0,0]",2,sim,0,Game/MsgMonster/MonsterRole.cs
1466,Hill Monster`s Threat,client Questinfo.ini,high,70,80,"8437,1000,501,304,GeneralZhuGe,Desert","8437,1000,501,304,GeneralZhuGe,Desert","Some EXP, 2,000 Silver and a Diligence Book [item 723340,0,0,0,3,0,0]",2,sim,0,Game/MsgMonster/MonsterRole.cs
1467,Ironsmith`s Request,client Questinfo.ini,high,70,80,"8438,1000,491,256,IronsmithLi,Desert","8438,1000,491,256,IronsmithLi,Desert","Some EXP, 3,000 Silver and a Small Joy Stone [item 720173,0,0,0,3,0,0]",1,sim,0,Game/MsgMonster/MonsterRole.cs
1468,Go Deep into the Lair,client Questinfo.ini,high,71,81,"8439,1000,493,304,ViceGeneralDong,Desert","8439,1000,493,304,ViceGeneralDong,Desert","Some EXP, 2,000 Silver and an Attack Pot (20m) [item 721691,0,0,0,0,0,0]",3,sim,0,Game/MsgServer/MsgItemUsuagePacket.cs
1469,The Green Seeds 1,client Questinfo.ini,high,71,81,"8440,1000,511,256,WanYing,Desert","8440,1000,511,256,WanYing,Desert","Some EXP and 3,000 Silver",4,sim,0,Client/PoolProcesor.cs
1470,The Green Seeds 2,client Questinfo.ini,high,71,81,"8440,1000,511,256,WanYing,Desert","8440,1000,511,256,WanYing,Desert","Some EXP, 3,000 Silver and an EXP Potion [item 723017,0,0,0,3,0,0]",6,sim,0,Game/MsgServer/MsgItemUsuagePacket.cs
1471,Kill the Hill Monsters (L73),client Questinfo.ini,high,72,82,"8437,1000,501,304,GeneralZhuGe,Desert","8437,1000,501,304,GeneralZhuGe,Desert","Some EXP, 3,000 Silver and an EXP Ball Scrap [item 720172,0,0,0,0,0,0]",2,sim,0,Game/MsgMonster/MonsterRole.cs
1472,The New Weapon,client Questinfo.ini,high,72,82,"8438,1000,491,256,IronsmithLi,Desert","8438,1000,491,256,IronsmithLi,Desert","Some EXP, 3,000 Silver   [item 721623,0,0,0,0,0,0]",2,sim,0,Game/MsgMonster/MonsterRole.cs
1473,Hill Monster`s Armor,client Questinfo.ini,high,72,82,"8440,1000,511,256,WanYing,Desert","8440,1000,511,256,WanYing,Desert","Some EXP and 3,000 Silver",1,sim,0,Game/MsgMonster/MonsterRole.cs
1474,The Supply Line,client Questinfo.ini,high,73,83,"8439,1000,493,304,ViceGeneralDong,Desert","8439,1000,493,304,ViceGeneralDong,Desert","Some EXP, 3,000 Silver and 5 Panaceas [item 1002000,0,0,0,0,0,0]",1,sim,0,Game/MsgMonster/MonsterRole.cs
1476,Stopping the Monsters,client Questinfo.ini,high,73,83,"8441,1000,585,319,HanCheng,Desert","8441,1000,585,319,HanCheng,Desert","Some EXP and 3,000 Silver",4,sim,0,Game/MsgMonster/MonsterRole.cs
1477,The Secret Letter,client Questinfo.ini,high,74,84,"8437,1000,501,304,GeneralZhuGe,Desert","8437,1000,501,304,GeneralZhuGe,Desert","Some EXP, 3,000 Silver and a Desert City Gate [item 1060021,0,0,0,0,0,0]",1,sim,0,Game/MsgMonster/MonsterRole.cs
1478,The Slabstones,client Questinfo.ini,high,75,85,"8439,1000,493,304,ViceGeneralDong,Desert","8439,1000,493,304,ViceGeneralDong,Desert","Some EXP, 3,000 Silver and 5 Panaceas [item 1002000,0,0,0,0,0,0]",5,sim,0,Game/MsgMonster/MonsterRole.cs; Game/MsgServer/MsgItemUsuagePacket.cs
1479,Retrieve the Water Source,client Questinfo.ini,high,75,85,"8437,1000,501,304,GeneralZhuGe,Desert","8437,1000,501,304,GeneralZhuGe,Desert","Some EXP and 3,000 Silver",2,sim,0,Game/MsgMonster/MonsterRole.cs
1480,Rebuild the Village,client Questinfo.ini,high,75,85,"8442,1000,486,261,SoldierMu,Desert","8442,1000,486,261,SoldierMu,Desert","Some EXP, 3,000 Silver  [item 723017,0,0,0,0,0,0]",1,sim,0,Game/MsgMonster/MonsterRole.cs
1481,Stolen Grindstone,client Questinfo.ini,high,76,86,"8438,1000,491,256,IronsmithLi,Desert","8438,1000,491,256,IronsmithLi,Desert","Some EXP, 3,000 Silver and an EXP Ball Scrap [item 720172,0,0,0,0,0,0]",1,sim,0,Game/MsgMonster/MonsterRole.cs
1484,Leader`s Trouble,client Questinfo.ini,high,77,87,"8443,1000,359,246,ConvoyLeaderGu,Desert","8443,1000,359,246,ConvoyLeaderGu,Desert","Some EXP and 3,000 Silver",2,sim,0,Game/MsgMonster/MonsterRole.cs
1485,Prove Myself,client Questinfo.ini,high,77,87,"8444,1000,345,247,ConvoyViceLeaderLing,Desert","8444,1000,345,247,ConvoyViceLeaderLing,Desert","Some EXP, 3,000 Silver and a Small Joy Stone [item 720173,0,0,0,0,0,0]",1,sim,0,Game/MsgMonster/MonsterRole.cs
1486,The Cactus 1,client Questinfo.ini,high,77,87,"8444,1000,345,247,ConvoyViceLeaderLing,Desert","8444,1000,345,247,ConvoyViceLeaderLing,Desert","Some EXP, 3,000 Silver and an Attack Pot (20m) [item 721691,0,0,0,0,0,0]",1,sim,0,Game/MsgServer/MsgItemUsuagePacket.cs
1487,The Cactus 2,client Questinfo.ini,high,78,88,"8444,1000,345,247,ConvoyViceLeaderLing,Desert","8444,1000,345,247,ConvoyViceLeaderLing,Desert","Some EXP and 2,000 Silver",1,sim,0,Game/MsgServer/MsgDataPacket.cs
1489,The Cactus 4,client Questinfo.ini,high,78,88,"8444,1000,345,247,ConvoyViceLeaderLing,Desert","8444,1000,345,247,ConvoyViceLeaderLing,Desert","Some EXP, 3,000 Silver and 5 Panaceas [item 1002000,0,0,0,0,0,0]",6,sim,0,Game/MsgServer/MsgItemUsuagePacket.cs
1491,The Thunder Stone,client Questinfo.ini,high,79,89,"8443,1000,359,246,ConvoyLeaderGu,Desert","8438,1000,491,256,IronsmithLi,Desert","Some EXP, 3,000 Silver and a Desert City Gate [item 1060021,0,0,0,0,0,0]",1,sim,0,Game/MsgMonster/MonsterRole.cs
1493,Protect the Moon Spring,client Questinfo.ini,high,80,90,"8445,1000,311,481,SpringGeneralXu,Desert","8445,1000,311,481,SpringGeneralXu,Desert","Some EXP, 3,000 Silver and 5 Panaceas [item 1002000,0,0,0,0,0,0]",2,sim,0,Game/MsgMonster/MonsterRole.cs
1494,Sharp Blade,client Questinfo.ini,high,80,90,"8446,1000,301,478,SpringViceGeneralOu,Desert","8446,1000,301,478,SpringViceGeneralOu,Desert","Some EXP, 3,000 Silver and a Meteor [item 1088001,0,0,0,0,0,0]",1,sim,0,Game/MsgMonster/MonsterRole.cs
1497,Inscription 2,client Questinfo.ini,high,81,91,"8447,1000,311,478,SculptorHe,Desert","8447,1000,311,478,SculptorHe,Desert","Some EXP and 3,000 Silver",1,sim,0,Game/MsgMonster/MonsterRole.cs
1498,Inscription 3,client Questinfo.ini,high,81,91,"8447,1000,311,478,SculptorHe,Desert","8447,1000,311,478,SculptorHe,Desert","Some EXP, 3,000 Silver and a Unique Agate Ring [item 150157,0,0,0,3,0,0]",2,sim,0,Game/MsgMonster/MonsterRole.cs
1499,Kill the Blade Ghosts,client Questinfo.ini,high,82,92,"8445,1000,311,481,SpringGeneralXu,Desert","8445,1000,311,481,SpringGeneralXu,Desert","Some EXP, 3,000 Silver and an Attack Pot (20m) [item 721691,0,0,0,0,0,0]",2,sim,0,Game/MsgMonster/MonsterRole.cs
1500,The Avenger,client Questinfo.ini,high,82,92,"8446,1000,301,478,SpringViceGeneralOu,Desert","8446,1000,301,478,SpringViceGeneralOu,Desert","Some EXP and 3,000 Silver [item 720172,0,0,0,0,0,0]",1,sim,0,Game/MsgMonster/MonsterRole.cs
1501,Worship the Water God 1,client Questinfo.ini,high,82,92,"8448,1000,299,461,TaoistSpring,Desert","8448,1000,299,461,TaoistSpring,Desert","Some EXP and 3,000 Silver",4,sim,0,Game/MsgMonster/MonsterRole.cs
1506,Poisonous Water 3,client Questinfo.ini,high,83,93,"8437,1000,501,304,GeneralZhuGe,Desert","8449,1000,288,464,SpringSoldierZhao,Desert","Some EXP and 3,000 Silver",1,sim,0,Game/MsgMonster/MonsterRole.cs
1508,Elder Jiang 1,client Questinfo.ini,high,83,93,"8450,1000,308,456,ElderJiang,Desert","8450,1000,308,456,ElderJiang,Desert","Some EXP and 2,000 Silver",1,sim,0,Game/MsgMonster/MonsterRole.cs
1591,Kill the Birdmen,client Questinfo.ini,high,85,105,"8512,1015,715,576,BI-ViceCaptain,BirdIsland","8512,1015,715,576,BI-ViceCaptain,BirdIsland","Some EXP  3,000 Silver",1,sim,0,Game/MsgMonster/MonsterRole.cs
1592,Birdman Arms,client Questinfo.ini,high,85,105,"8513,1015,720,561,ArmorerYu,BirdIsland","8513,1015,720,561,ArmorerYu,BirdIsland","Some Exp  3,000 silver  [item 720172,0,0,0,0,0,0]",1,sim,0,Game/MsgMonster/MonsterRole.cs
1593,Retrieving Tools,client Questinfo.ini,high,86,106,"8511,1015,685,594,XuFan,BirdIsland","8511,1015,685,594,XuFan,BirdIsland","Some EXP  3,000 Silver  [item 720173,0,0,0,0,0,0]",1,sim,0,Game/MsgMonster/MonsterRole.cs
1594,Flower Arrangement,client Questinfo.ini,high,86,106,"8514,1015,907,648,XimenQing,BirdIsland","8514,1015,907,648,XimenQing,BirdIsland","Some EXP  3,000 Silver  5 [item 1002000,0,0,0,0,0,0]",1,sim,0,Client/PoolProcesor.cs
1597,Birdman Feathers,client Questinfo.ini,high,87,107,"8521,1015,740,624,CityGeneral,BirdIsland","8521,1015,740,624,CityGeneral,BirdIsland","Some EXP  3,000 Silver  5 [item 1002000,0,0,0,0,0,0]",1,sim,0,Game/MsgMonster/MonsterRole.cs
1598,Hunting L88 Birdmen,client Questinfo.ini,high,87,107,"8512,1015,715,576,BI-ViceCaptain,BirdIsland","8512,1015,715,576,BI-ViceCaptain,BirdIsland","Some EXP  3,000 Silver  [item 1060024,0,0,0,0,0,0]",1,sim,0,Game/MsgMonster/MonsterRole.cs
1599,Bird Beaks,client Questinfo.ini,high,87,107,"8514,1015,907,648,XimenQing,BirdIsland","8514,1015,907,648,XimenQing,BirdIsland","Some EXP  3,000 Silver  [item 720173,0,0,0,0,0,0]",1,sim,0,Game/MsgMonster/MonsterRole.cs
1601,Strange Box 2,client Questinfo.ini,high,88,108,"8514,1015,907,648,XimenQing,BirdIsland","8522,1015,920,650,StrangeBox,BirdIsland","Some EXP  3,000 Silver",1,sim,0,Game/MsgMonster/MonsterRole.cs
1604,Wife`s Worry,client Questinfo.ini,high,89,109,"8523,1015,684,567,WealthyWan`sWife,DesertCity","8524,1015,797,554,WealthyWan,BirdIsland","Some Exp,  3,000 silver  [item 723017,0,0,0,3,0,0]",1,sim,0,Game/MsgMonster/MonsterRole.cs
1610,Old Book,client Questinfo.ini,high,90,110,"8526,1015,441,672,Xi`er,BirdIsland","8526,1015,441,672,Xi`er,BirdIsland","Some EXP  4,000 Silver  [item 720172,0,0,0,0,0,0]",1,sim,0,Game/MsgMonster/MonsterRole.cs
1611,Hunting HawKings,client Questinfo.ini,high,90,110,"8525,1015,444,660,IslandGeneral,BirdIsland","8525,1015,444,660,IslandGeneral,BirdIsland","Some EXP  4,000 Silver  [item 1060024,0,0,0,0,0,0]",1,sim,0,Game/MsgMonster/MonsterRole.cs
1612,Magic Circle,client Questinfo.ini,high,91,111,"8527,1015,453,667,TruthTaoist,BirdIsland","8527,1015,453,667,TruthTaoist,BirdIsland","Some Exp  3,000 silver  5个 [item 1002000,0,0,0,0,0,0]",5,sim,0,Game/MsgServer/MsgItemUsuagePacket.cs
1616,Soldier`s Challenge,client Questinfo.ini,high,91,111,"8531,1015,567,784,SoldierZheng,BirdIsland","8531,1015,567,784,SoldierZheng,BirdIsland","Some Exp  1,000 silver  5 [item 1002000,0,0,0,0,0,0]",1,sim,0,Game/MsgMonster/MonsterRole.cs
1619,Blockade 2,client Questinfo.ini,high,92,112,"8527,1015,453,667,TruthTaoist,BirdIsland","8533,1015,375,213,MysteryTaoist,BirdIsland","Some Exp  3,000 silver",3,sim,0,Game/MsgServer/MsgItemUsuagePacket.cs
1621,Hunting L93 Hawks,client Questinfo.ini,high,92,112,"8534,1015,375,207,ViceGeneral,BirdIsland","8534,1015,375,207,ViceGeneral,BirdIsland","Some EXP  3,000 Silver",1,sim,0,Game/MsgMonster/MonsterRole.cs
1622,Claws and Fangs,client Questinfo.ini,high,92,112,"8533,1015,375,213,MysteryTaoist,BirdIsland","8533,1015,375,213,MysteryTaoist,BirdIsland","Some Exp  3,000 silver  [item 720173,0,0,0,0,0,0]",1,sim,0,Game/MsgMonster/MonsterRole.cs
1624,Hawk`s Treasures,client Questinfo.ini,high,93,113,"8533,1015,375,213,MysteryTaoist,BirdIsland","8533,1015,375,213,MysteryTaoist,BirdIsland","Some Exp  3,000 silver   5个 [item 1002010,0,0,0,0,0,0]",1,sim,0,Game/MsgMonster/MonsterRole.cs
1625,Hawk`s Treasures 2,client Questinfo.ini,high,93,113,"8533,1015,375,213,MysteryTaoist,BirdIsland","8533,1015,375,213,MysteryTaoist,BirdIsland","Some Exp  3,000 silver  [item 152187,0,0,0,3,0,0]",1,sim,0,Client/PoolProcesor.cs
1626,Elemental Circle 1,client Questinfo.ini,high,94,114,"8533,1015,375,213,MysteryTaoist,BirdIsland","8533,1015,375,213,MysteryTaoist,BirdIsland","Some Exp  4,000 silver  [item 1060024,0,0,0,0,0,0]",1,sim,0,Game/MsgMonster/MonsterRole.cs
1628,Elemental Circle 3,client Questinfo.ini,high,94,114,"8533,1015,375,213,MysteryTaoist,BirdIsland","8533,1015,375,213,MysteryTaoist,BirdIsland","Some Exp  3,000 silver",1,sim,0,Game/MsgMonster/MonsterRole.cs
1629,Elemental Circle 4,client Questinfo.ini,high,94,114,"8533,1015,375,213,MysteryTaoist,BirdIsland","8533,1015,375,213,MysteryTaoist,BirdIsland","Some Exp  3,000 silver   [item 120187,0,0,0,3,0,0]",1,sim,0,Game/MsgMonster/MonsterRole.cs
1630,Revenge,client Questinfo.ini,high,94,114,"8535,1015,376,199,SoldierZhang,BirdIsland","8535,1015,376,199,SoldierZhang,BirdIsland","Some Exp  3,000 silver  5 [item 1002010,0,0,0,0,0,0]",2,sim,0,Game/MsgMonster/MonsterRole.cs
1640,Dried Fish,client Questinfo.ini,high,97,117,"8540,1015,213,190,OldZhang,BirdIsland","8562,1015,335,319,AdjutantLi,BirdIsland","EXP, 3,000 Silver, [item 723017,0,0,0,0,0,0]",1,sim,0,Client/PoolProcesor.cs
1641,Bandits L98,client Questinfo.ini,high,97,117,"8537,1015,194,202,VillageHead,BirdIsland","8537,1015,194,202,VillageHead,BirdIsland","EXP, 4,000 Silver",1,sim,0,Game/MsgMonster/MonsterRole.cs
1642,Bandit`s Saber,client Questinfo.ini,high,97,117,"8539,1015,324,310,GeneralArmand,BirdIsland","8539,1015,324,310,GeneralArmand,BirdIsland","EXP, 4,000 Silver, [item 723017,0,0,0,3,0,0]",1,sim,0,Game/MsgMonster/MonsterRole.cs
1645,Maiden in Armour III,client Questinfo.ini,high,98,118,"8542,1015,104,293,Mulan,BirdIsland","8542,1015,104,293,Mulan,BirdIsland","EXP, 4,000 Silver",1,sim,0,Game/MsgMonster/MonsterRole.cs
1647,Maiden in Armour V,client Questinfo.ini,high,98,118,"8539,1015,324,310,GeneralArmand,BirdIsland","8539,1015,324,310,GeneralArmand,BirdIsland","EXP, 4,000 Silver",1,sim,0,Game/MsgMonster/MonsterRole.cs
1650,Hidden Banditti,client Questinfo.ini,high,99,119,"8537,1015,194,202,VillageHead,BirdIsland","8537,1015,194,202,VillageHead,BirdIsland","EXP, 4,000 Silver, 5 [item 1002010,0,0,0,0,0,0]s",1,sim,0,Game/MsgMonster/MonsterRole.cs
1651,Retrieve Yarn Ball,client Questinfo.ini,high,99,119,"8536,1015,228,205,Soldier`sMother,BirdIsland","8536,1015,228,205,Soldier`sMother,BirdIsland","Some Exp  4,000 silver",1,sim,0,Game/MsgMonster/MonsterRole.cs
1652,Flower Wine,client Questinfo.ini,high,99,119,"8541,1015,200,178,Harriet,BirdIsland","8541,1015,200,178,Harriet,BirdIsland","EXP, 4,000 Silver, A random Refined Gem",1,sim,0,Game/MsgMonster/MonsterRole.cs
1653,Rainbow Flowers,client Questinfo.ini,high,99,119,"8540,1015,213,190,OldZhang,BirdIsland","8540,1015,213,190,OldZhang,BirdIsland","EXP, 4,000 Silver, [item 720173,0,0,0,0,0,0]",1,sim,0,Client/PoolProcesor.cs
1661,Patrol the City,client Questinfo.ini,high,85,105,"8510,1015,710,572,BICastellan,BirdIsland","8510,1015,710,572,BICastellan,BirdIsland","Some EXP  2,000 Silver  [item 721691,0,0,0,0,0,0]",8,sim,0,Client/PoolProcesor.cs
1720,The Connector 3,client Questinfo.ini,high,22,42,"4437,1011,33,398,ThiefChen,PhoenixCastle","4437,1011,33,398,ThiefChen,PhoenixCastle","100 Silver \n=======================================\nFinal reward:  \nItem: Refined Necklace Pack  [item 728236,0,0,0,0,0,0]",2,sim,0,Game/MsgMonster/MonsterRole.cs
1724,Spun Gold Armor 2,client Questinfo.ini,high,30,50,"4464,1011,194,260,VeteranHong,PhoenixCastle","4464,1011,194,260,VeteranHong,PhoenixCastle","100 Silver\n=======================================\nFinal reward:  \nItem: Level 32 Unique Armor Pack  [item 728237,0,0,0,0,0,0]",2,sim,0,Game/MsgMonster/MonsterRole.cs
1725,Spun Gold Armor 3,client Questinfo.ini,high,30,50,"4464,1011,194,260,VeteranHong,PhoenixCastle","4464,1011,194,260,VeteranHong,PhoenixCastle","1,000 Silver and 10 minutes EXP  \n=======================================\nFinal reward:  \nItem: Level 32 Unique Armor Pack  [item 728237,0,0,0,0,0,0]",1,sim,0,Game/MsgMonster/MonsterRole.cs
1729,Azure Pill 3,client Questinfo.ini,high,40,60,"4483,1011,0182,0241,PharmacistMuMu,PhoenixCastle","4483,1011,0182,0241,PharmacistMuMu,PhoenixCastle","100 Silver \n=======================================\nFinal reward:  \nItem: Level 43 Unique Ring Pack  [item 728238,0,0,0,0,0,0]",2,sim,0,Game/MsgMonster/MonsterRole.cs
1735,Artisan`s Feather 3,client Questinfo.ini,high,45,65,"4467,1002,603,672,ArtisanLuo,WindPlain","4467,1002,603,672,ArtisanLuo,WindPlain","100 Silver \n=======================================\nFinal reward:  \nItem: Level 50 Unique Weapon Pack  [item 728239,0,0,0,0,0,0]",2,sim,0,Game/MsgMonster/MonsterRole.cs
1736,Artisan`s Feather 4,client Questinfo.ini,high,45,65,"4467,1002,603,672,ArtisanLuo,WindPlain","4467,1002,603,672,ArtisanLuo,WindPlain","Silver: 1500  EXP:  EXP worth 1/3 EXP Ball  \n=======================================\nFinal reward:  \nItem: Level 50 Unique Weapon Pack  [item 728239,0,0,0,0,0,0]",1,sim,0,Game/MsgMonster/MonsterRole.cs
1740,Mystic Ring 3,client Questinfo.ini,high,48,68,"4501,1011,779,477,DealerShen,PhoenixCastle","4501,1011,779,477,DealerShen,PhoenixCastle","100 Silver \n=======================================\nFinal reward:  \nItem: Level 52 Unique Headgear Pack  [item 728240,0,0,0,0,0,0]",1,sim,0,Game/MsgServer/MsgItemUsuagePacket.cs
1741,Mystic Ring 4,client Questinfo.ini,high,48,68,"4501,1011,779,477,DealerShen,PhoenixCastle","4501,1011,779,477,DealerShen,PhoenixCastle","100 Silver \n=======================================\nFinal reward:  \nItem: Level 52 Unique Headgear Pack  [item 728240,0,0,0,0,0,0]",2,sim,0,Game/MsgMonster/MonsterRole.cs
1746,Frantic Monkeys 2,client Questinfo.ini,high,50,70,"4485,1020,553,584,OfficerBao,LoveCanyon","4485,1020,553,584,OfficerBao,LoveCanyon","100 Silver \n=======================================\nFinal reward:  \nItem: Level 55 Elite Weapon Pack  [item 728243,0,0,0,0,0,0]",1,sim,0,Game/MsgMonster/MonsterRole.cs
1748,Frantic Monkeys 4,client Questinfo.ini,high,50,70,"4486,1002,424,343,DoctorLi,WindPlain","4486,1002,424,343,DoctorLi,WindPlain","100 Silver \n=======================================\nFinal reward:  \nItem: Level 55 Elite Weapon Pack  [item 728243,0,0,0,0,0,0]",2,sim,0,Game/MsgMonster/MonsterRole.cs
1749,Frantic Monkeys 5,client Questinfo.ini,high,50,70,"4486,1002,424,343,DoctorLi,WindPlain","4485,1020,553,584,OfficerBao,LoveCanyon","Silver: 3,000  EXP:  EXP worth 1/2 EXP Ball  \n=======================================\nFinal reward:  \nItem: Level 55 Elite Weapon Pack  [item 728243,0,0,0,0,0,0]",4,sim,0,Game/MsgMonster/MonsterRole.cs
1753,Soul of General 3,client Questinfo.ini,high,55,75,"4487,1020,865,540,GeneralAmber,LoveCanyon","4487,1020,865,540,GeneralAmber,LoveCanyon","100 Silver \n=======================================\nFinal reward:  \nItem: Level 60 Elite Boot Pack  [item 728244,0,0,0,0,0,0]",5,sim,0,Game/MsgMonster/MonsterRole.cs
1756,Soul of General 6,client Questinfo.ini,high,55,75,"4490,1002,389,343,GuardLi,Forest","4488,1002,390,347,GeneralZhao,Forest","Silver: 4000  EXP: EXP worth 2/3 EXP Ball  \n=======================================\nFinal reward:  \nItem: Level 60 Elite Boot Pack  [item 728244,0,0,0,0,0,0]",1,sim,0,Game/MsgMonster/MonsterRole.cs
1783,Mad Man 3,client Questinfo.ini,high,60,80,"1611,1002,396,233,GeneralJudd,TwinCity","1611,1002,396,233,GeneralJudd,TwinCity","100 Silver \n=======================================\nFinal reward:  \nItem: Level 67 Elite Headgear Pack  [item 728245,0,0,0,0,0,0]",1,sim,0,Game/MsgMonster/MonsterRole.cs
1785,Mad Man 5,client Questinfo.ini,high,60,80,"4470,1002,386,377,PharmacistDong,TwinCity","4468,1020,552,601,DuSan,ApeCity","Silver: 5000  EXP: EXP worth 5/6 EXP Ball  \n=======================================\nFinal reward:  \nItem: Level 67 Elite Headgear Pack  [item 728245,0,0,0,0,0,0]",1,sim,0,Client/PoolProcesor.cs
1789,Ghost City 3,client Questinfo.ini,high,75,95,"4504,1002,479,338,JerkWang,TwinCity","4504,1002,479,338,JerkWang,TwinCity","100 Silver \n=======================================\nFinal reward:  \nItem: Level 87 Elite Armor Pack  [item 728246,0,0,0,0,0,0]",4,sim,0,Game/MsgServer/MsgItemUsuagePacket.cs
1791,Ghost City 5,client Questinfo.ini,high,75,95,"4505,1002,373,358,TaoistShine,TwinCity","4505,1002,373,358,TaoistShine,TwinCity","100 Silver \n=======================================\nFinal reward:  \nItem: Level 87 Elite Armor Pack  [item 728246,0,0,0,0,0,0]",1,sim,0,Game/MsgServer/MsgItemUsuagePacket.cs
1792,Ghost City 6,client Questinfo.ini,high,75,95,"4505,1002,373,358,TaoistShine,TwinCity","4526,1780,145,134,MoMo,TwinCity","100 Silver \n=======================================\nFinal reward:  \nItem: Level 87 Elite Armor Pack  [item 728246,0,0,0,0,0,0]",1,sim,0,Game/MsgServer/MsgItemUsuagePacket.cs
1796,Tomboy`s Marriage 2,client Questinfo.ini,high,78,98,"4718,1000,461,661,FarmerLynn,DesertCity","4718,1000,461,661,FarmerLynn,DesertCity","100 Silver \n=======================================\nFinal reward:  \nItem: Level 82 Elite Necklace Pack  [item 728241,0,0,0,0,0,0]",1,sim,0,Game/MsgMonster/MonsterRole.cs
1797,Tomboy`s Marriage 3,client Questinfo.ini,high,78,98,"4718,1000,461,661,FarmerLynn,Desert","4718,1000,461,661,FarmerLynn,Desert","100 Silver\n=======================================\nFinal reward: \nItem: Level 82 Elite Necklace Pack  [item 728241,0,0,0,0,0,0]",1,sim,0,Game/MsgMonster/MonsterRole.cs
1801,Desert Blood 2,client Questinfo.ini,high,85,105,"4621,1000,495,579,Harvey,DesertCity","4622,1000,386,103,StoneColumn,DesertCity","100 Silver \n=======================================\nFinal reward:  \nItem: Level 90 Elite Ring Pack  [item 728242,0,0,0,0,0,0]",1,sim,0,Game/MsgMonster/MonsterRole.cs
1802,Desert Blood 3,client Questinfo.ini,high,85,105,"4622,1000,386,103,StoneColumn,DesertCity","4622,1000,386,103,StoneColumn,DesertCity","100 Silver \n=======================================\nFinal reward:  \nItem: Level 90 Elite Ring Pack  [item 728242,0,0,0,0,0,0]",2,sim,0,Game/MsgMonster/MonsterRole.cs
1803,Desert Blood 4,client Questinfo.ini,high,85,105,"4622,1000,386,103,StoneColumn,DesertCity","4622,1000,386,103,StoneColumn,DesertCity","100 Silver \n=======================================\nFinal reward:  \nItem: Level 90 Elite Ring Pack  [item 728242,0,0,0,0,0,0]",1,sim,0,Game/MsgMonster/MonsterRole.cs
1809,Hero`s Wings 2,client Questinfo.ini,high,90,110,"4700,1015,725,541,PoorXiao,BirdIsland","4701,1015,701,595,DoctorKnowitAll,BirdIsland","100 Silver \n=======================================\nFinal reward:  \nItem: Super Headgear Pack  [item 728247,0,0,0,0,0,0]",1,sim,0,Game/MsgNpc/NpcHandler.cs
1812,Hero`s Wings 5,client Questinfo.ini,high,90,110,"4701,1015,701,595,DoctorKnowitAll,BirdIsland","4701,1015,701,595,DoctorKnowitAll,BirdIsland","100 Silver \n=======================================\nFinal reward:  \nItem: Super Headgear Pack  [item 728247,0,0,0,0,0,0]",2,sim,0,Game/MsgMonster/MonsterRole.cs
1813,Hero`s Wings 6,client Questinfo.ini,high,90,110,"4701,1015,701,595,DoctorKnowitAll,BirdIsland","4701,1015,701,595,DoctorKnowitAll,BirdIsland","100 Silver \n=======================================\nFinal reward:  \nItem: Super Headgear Pack  [item 728247,0,0,0,0,0,0]",8,sim,0,Client/PoolProcesor.cs; Game/MsgMonster/MonsterRole.cs; Game/MsgServer/MsgItemUsuagePacket.cs
1814,Hero`s Wings 7,client Questinfo.ini,high,90,110,"4701,1015,701,595,DoctorKnowitAll,BirdIsland","4701,1015,701,595,DoctorKnowitAll,BirdIsland","100 Silver \n=======================================\nFinal reward:  \nItem: Super Headgear Pack  [item 728247,0,0,0,0,0,0]",2,sim,0,Game/MsgMonster/MonsterRole.cs
1820,Family Feud (2),client Questinfo.ini,high,95,115,"4705,1015,686,547,Felix,BirdIsland","4705,1015,686,547,Felix,BirdIsland","100 Silver \n=======================================\nFinal reward:  \nItem: L97 Super Necklace Pack  [item 728248,0,0,0,0,0,0]",3,sim,0,Game/MsgMonster/MonsterRole.cs
1821,Family Feud (3),client Questinfo.ini,high,95,115,"4705,1015,686,547,Felix,BirdIsland","4705,1015,686,547,Felix,BirdIsland","100 Silver \n=======================================\nFinal reward:  \nItem: L97 Super Necklace Pack  [item 728248,0,0,0,0,0,0]",1,sim,0,Game/MsgMonster/MonsterRole.cs
1822,Family Feud (4),client Questinfo.ini,high,95,115,"4705,1015,686,547,Felix,BirdIsland","4705,1015,686,547,Felix,BirdIsland","100 Silver \n=======================================\nFinal reward:  \nItem: L97 Super Necklace Pack  [item 728248,0,0,0,0,0,0]",1,sim,0,Game/MsgMonster/MonsterRole.cs
1823,Family Feud (5),client Questinfo.ini,high,95,115,"4705,1015,686,547,Felix,BirdIsland","4705,1015,686,547,Felix,BirdIsland","100 Silver \n=======================================\nFinal reward:  \nItem: L97 Super Necklace Pack  [item 728248,0,0,0,0,0,0]",1,sim,0,Game/MsgMonster/MonsterRole.cs
1824,Family Feud (6),client Questinfo.ini,high,95,115,"4705,1015,686,547,Felix,BirdIsland","4705,1015,686,547,Felix,BirdIsland","100 Silver \n=======================================\nFinal reward:  \nItem: L97 Super Necklace Pack  [item 728248,0,0,0,0,0,0]",1,sim,0,Game/MsgMonster/MonsterRole.cs
1829,Desert Treasure (2),client Questinfo.ini,high,98,118,"4651,1000,466,658,Louis,DesertCity","4651,1000,466,658,Louis,DesertCity","100 Silver \n=======================================\nFinal reward:  \nItem: L100 Super Boots Pack  [item 728249,0,0,0,0,0,0]",3,sim,0,Client/PoolProcesor.cs; Game/MsgMonster/MonsterRole.cs; Game/MsgServer/MsgItemUsuagePacket.cs
1830,Desert Treasure (3),client Questinfo.ini,high,98,118,"4651,1000,466,658,Louis,DesertCity","4652,1001,310,631,Shark,MysticCastle","100 Silver \n=======================================\nFinal reward:  \nItem: L100 Super Boots Pack  [item 728249,0,0,0,0,0,0]",2,sim,0,Client/PoolProcesor.cs
1832,Desert Treasure (5),client Questinfo.ini,high,98,118,"4652,1001,310,631,Shark,MysticCastle","4651,1000,466,658,Louis,DesertCity","100 Silver \n=======================================\nFinal reward:  \nItem: L100 Super Boots Pack  [item 728249,0,0,0,0,0,0]",1,sim,0,Game/MsgMonster/MonsterRole.cs
1836,Desert Expedition (2),client Questinfo.ini,high,105,125,"4702,1000,520,589,MasterMoMo,DesertCity","4702,1000,520,589,MasterMoMo,DesertCity","100 Silver \n=======================================\nFinal reward:  \nItem: L110 Super Ring Pack  [item 728250,0,0,0,0,0,0]",1,sim,0,Game/MsgMonster/MonsterRole.cs
1837,Desert Expedition (3),client Questinfo.ini,high,105,125,"4702,1000,520,589,MasterMoMo,DesertCity","4702,1000,520,589,MasterMoMo,DesertCity","100 Silver \n=======================================\nFinal reward:  \nItem: L110 Super Ring Pack  [item 728250,0,0,0,0,0,0]",1,sim,0,Game/MsgMonster/MonsterRole.cs
1838,Desert Expedition (4),client Questinfo.ini,high,105,125,"4702,1000,520,589,MasterMoMo,DesertCity","4702,1000,520,589,MasterMoMo,DesertCity","6,000 Silver and 1 hour EXP  \n=======================================\nFinal reward:  \nItem: L110 Super Ring Pack  [item 728250,0,0,0,0,0,0]",1,sim,0,Game/MsgMonster/MonsterRole.cs
1842,Power Book (3),client Questinfo.ini,high,115,135,"4704,1002,391,235,OldBeggar,TwinCity","4704,1002,391,235,OldBeggar,TwinCity","100 Silver \n=======================================\nFinal reward:  \nItem: L120 Super Clothing Pack  [item 728251,0,0,0,0,0,0]",1,sim,0,Game/MsgNpc/NpcHandler.cs
1843,Power Book (4),client Questinfo.ini,high,115,135,"4704,1002,391,235,OldBeggar,TwinCity","4704,1002,391,235,OldBeggar,TwinCity","100 Silver \n=======================================\nFinal reward:  \nItem: L120 Super Clothing Pack  [item 728251,0,0,0,0,0,0]",1,sim,0,Game/MsgNpc/NpcHandler.cs
1844,Power Book (5),client Questinfo.ini,high,115,135,"4704,1002,391,235,OldBeggar,TwinCity","4704,1002,391,235,OldBeggar,TwinCity","100 Silver \n=======================================\nFinal reward:  \nItem: L120 Super Clothing Pack  [item 728251,0,0,0,0,0,0]",1,sim,0,Game/MsgNpc/NpcHandler.cs
1845,Power Book (6),client Questinfo.ini,high,115,135,"4704,1002,391,235,OldBeggar,TwinCity","4704,1002,391,235,OldBeggar,TwinCity","100 Silver \n=======================================\nFinal reward:  \nItem: L120 Super Clothing Pack  [item 728251,0,0,0,0,0,0]",3,sim,0,Game/MsgNpc/NpcHandler.cs; Game/MsgServer/MsgItemUsuagePacket.cs
1846,Power Book (7),client Questinfo.ini,high,115,135,"4704,1002,391,235,OldBeggar,TwinCity","4704,1002,391,235,OldBeggar,TwinCity","100 Silver \n=======================================\nFinal reward:  \nItem: L120 Super Clothing Pack  [item 728251,0,0,0,0,0,0]",1,sim,0,Game/MsgNpc/NpcHandler.cs
1847,Power Book (8),client Questinfo.ini,high,115,135,"4704,1002,391,235,OldBeggar,TwinCity","4704,1002,391,235,OldBeggar,TwinCity","100 Silver \n=======================================\nFinal reward:  \nItem: L120 Super Clothing Pack  [item 728251,0,0,0,0,0,0]",1,sim,0,Game/MsgNpc/NpcHandler.cs
1848,Power Book (9),client Questinfo.ini,high,115,135,"4704,1002,391,235,OldBeggar,TwinCity","4704,1002,391,235,OldBeggar,TwinCity","100 Silver \n=======================================\nFinal reward:  \nItem: L120 Super Clothing Pack  [item 728251,0,0,0,0,0,0]",3,sim,0,Game/MsgNpc/NpcHandler.cs; Game/MsgServer/MsgItemUsuagePacket.cs
1849,Power Book (10),client Questinfo.ini,high,115,135,"4704,1002,391,235,OldBeggar,TwinCity","4704,1002,391,235,OldBeggar,TwinCity","100 Silver \n=======================================\nFinal reward:  \nItem: L120 Super Clothing Pack  [item 728251,0,0,0,0,0,0]",1,sim,0,Game/MsgNpc/NpcHandler.cs
1850,Power Book (11),client Questinfo.ini,high,115,135,"4704,1002,391,235,OldBeggar,TwinCity","4704,1002,391,235,OldBeggar,TwinCity","100 Silver \n=======================================\nFinal reward:  \nItem: L120 Super Clothing Pack  [item 728251,0,0,0,0,0,0]",4,sim,0,Game/MsgNpc/NpcHandler.cs; Game/MsgServer/MsgItemUsuagePacket.cs
1851,Power Book (12),client Questinfo.ini,high,115,135,"4704,1002,391,235,OldBeggar,TwinCity","4704,1002,391,235,OldBeggar,TwinCity","6,000 Silver and 1 hour EXP  \n=======================================\nFinal reward:  \nItem: L120 Super Clothing Pack  [item 728251,0,0,0,0,0,0]",1,sim,0,Game/MsgNpc/NpcHandler.cs
2365,Experience XP Skill,client Questinfo.ini,high,13,20,"7992,1002,0604,0688,XuLiang,WindPlain","7992,1002,0604,0688,XuLiang,WindPlain","Kill 50 Robins: 2 minutes of EXP, 500 silver and 10 minutes of Double EXP\nKill 100 Robins: 13 minutes of EXP, 1,300 silver and 25 minutes of Double EXP",2,sim,0,Game/MsgMonster/MonsterRole.cs
2375,Spirit Bead [Daily],client Questinfo.ini,high,100,200,"9998,1002,0426,0396,DailyQuestEnvoy,TwinCity","9998,1002,0426,0396,DailyQuestEnvoy,TwinCity","Some EXP, Study Points, Blessing and 1 Chi Token. [item 729304,0,0,0,0,0,0]",4,sim,0,Database/Server.cs; Database/ServerDatabase.cs; Game/MsgMonster/MonsterRole.cs
3634,Quest 3634,sugerido (sem nome no cliente),placeholder,,,,,,2,sim,0,Game/MsgMonster/MonsterRole.cs
3636,Quest 3636,sugerido (sem nome no cliente),placeholder,,,,,,1,sim,0,Game/MsgMonster/MonsterRole.cs
3638,Quest 3638,sugerido (sem nome no cliente),placeholder,,,,,,1,sim,0,Game/MsgMonster/MonsterRole.cs
3641,Quest 3641,sugerido (sem nome no cliente),placeholder,,,,,,3,sim,0,Client/PoolProcesor.cs; Game/MsgMonster/MonsterRole.cs
3642,Quest 3642,sugerido (sem nome no cliente),placeholder,,,,,,7,sim,0,Client/PoolProcesor.cs; Game/MsgNpc/NpcHandler.cs
3644,Quest 3644,sugerido (sem nome no cliente),placeholder,,,,,,1,sim,0,Game/MsgMonster/MonsterRole.cs
3645,Quest 3645,sugerido (sem nome no cliente),placeholder,,,,,,1,sim,0,Game/MsgMonster/MonsterRole.cs
3646,Quest 3646,sugerido (sem nome no cliente),placeholder,,,,,,1,sim,0,Game/MsgMonster/MonsterRole.cs
3647,Quest 3647,sugerido (sem nome no cliente),placeholder,,,,,,8,sim,0,Client/PoolProcesor.cs; Game/MsgNpc/NpcHandler.cs
3648,Quest 3648,sugerido (sem nome no cliente),placeholder,,,,,,1,sim,0,Game/MsgMonster/MonsterRole.cs
3801,Quest 3801,sugerido (sem nome no cliente),placeholder,,,,,,1,sim,0,Client/PoolProcesor.cs
6014,Magnolias All Around,client Questinfo.ini,high,80,200,"9998,1002,0426,0396,DailyQuestEnvoy,TwinCity","9998,1002,0426,0396,DailyQuestEnvoy,TwinCity","Some EXP, Study Points, Chi Token, and other items.  [item 700123,0,0,0,0,0,0][item 700103,0,0,0,0,0,0][item 754009,0,0,0,0,0,0][item 756009,0,0,0,0,0,0][item 1088000,0,0,0,0,0,0]",4,sim,0,Client/PoolProcesor.cs; Database/Server.cs; Database/ServerDatabase.cs
6049,Release the Souls,client Questinfo.ini,high,70,200,"301,1000,536,643,DesertGuardian,Desert","301,1000,536,643,DesertGuardian,Desert","120 minutes of EXP, 50 Study Points, Chi Token, and so on. [item 729304,0,0,0,0,0,0]",4,sim,0,Client/PoolProcesor.cs; Database/Server.cs; Database/ServerDatabase.cs
6126,Exorcism,client Questinfo.ini,high,80,200,"8233,1036,246,183,HeavenlyMaster,Market","8233,1036,246,183,HeavenlyMaster,Market","Study Points, Exorcism Token, Exorcism Pack, Golden Exorcism Pack, Chi Token. [item 711211,0,0,0,0,0,0][item 720948,0,0,0,0,0,0][item 729594,0,0,0,0,0,0][item 729304,0,0,0,0,0,0]",4,sim,0,Database/Server.cs; Database/ServerDatabase.cs
6129,Lonely Ben (Daily),client Questinfo.ini,high,87,107,"8513,1015,720,561,ArmorerYu,BirdIsland","8520,1015,748,580,LittleBen,BirdIsland","EXP, 2,000 Silver",1,sim,0,Role/RoleView.cs
6131,Deadly Trap (Daily),client Questinfo.ini,high,97,107,"8562,1015,335,319,AdjutantLi,BirdIsland","8562,1015,335,319,AdjutantLi,BirdIsland","EXP, 2,000 Silver",2,sim,0,Client/PoolProcesor.cs; Game/MsgServer/MsgDataPacket.cs
6245,Eth. Has A Price,client Questinfo.ini,high,60,200,"9998,1002,0426,0396,DailyQuestEnvoy,TwinCity","9998,1002,0426,0396,DailyQuestEnvoy,TwinCity","The higher level you`ve reached, the better reward you`ll receive. Level 130+: 600 minutes of EXP, 50 Study Points, 1 Chi Token. [item 729304,0,0,0,0,0,0]",2,sim,0,Database/Server.cs; Database/ServerDatabase.cs
6329,Honoring Ancestors,client Questinfo.ini,high,50,200,"9998,1002,0426,0396,DailyQuestEnvoy,TwinCity","9998,1002,0426,0396,DailyQuestEnvoy,TwinCity","5 hours of Blessing, 60 minutes of EXP, 50 Study Points, Chi Token, etc. [item 729304,0,0,0,0,0,0]",2,sim,0,Database/Server.cs; Database/ServerDatabase.cs
6366,Quest 6366,sugerido (sem nome no cliente),placeholder,,,,,,2,sim,0,Database/Server.cs; Database/ServerDatabase.cs
6390,Quest 6390,sugerido (sem nome no cliente),placeholder,,,,,,2,sim,0,Database/Server.cs; Database/ServerDatabase.cs
6435,Quest 6435,sugerido (sem nome no cliente),placeholder,,,,,,3,sim,0,Game/MsgNpc/NpcHandler.cs
35007,Quest 35007,sugerido (sem nome no cliente),placeholder,,,,,,4,sim,0,Database/Server.cs; Database/ServerDatabase.cs; Game/MsgMonster/MonsterRole.cs
35024,Quest 35024,sugerido (sem nome no cliente),placeholder,,,,,,2,sim,0,Database/Server.cs; Database/ServerDatabase.cs
35025,Quest 35025,sugerido (sem nome no cliente),placeholder,,,,,,6,sim,0,Database/Server.cs; Database/ServerDatabase.cs; Game/MsgMonster/MonsterRole.cs
35028,Quest 35028,sugerido (sem nome no cliente),placeholder,,,,,,4,sim,0,Database/Server.cs; Database/ServerDatabase.cs; Game/MsgMonster/MonsterRole.cs
35034,Quest 35034,sugerido (sem nome no cliente),placeholder,,,,,,5,sim,0,Database/Server.cs; Database/ServerDatabase.cs; Game/MsgMonster/MonsterRole.cs
